full_name,gender,birthdate,email,city
Ethan Fryers,Male,1/4/1990,efryers0@bluehost.com,Marly-le-Roi
Roda Cotsford,Female,7/28/1974,rcotsford1@google.cn,Fundación
Alphonso Wilacot,Male,9/14/2000,awilacot2@cnet.com,Cilongkrangpusaka
Tiebold Penrith,Male,4/13/1967,tpenrith3@whitehouse.gov,Zakan-Yurt
Sigrid McClay,Female,5/10/1964,smcclay4@linkedin.com,'s-Hertogenbosch
Cordie Petschelt,Female,6/25/1951,cpetschelt5@surveymonkey.com,Palaiomonástiron
Sean Crummay,Female,2/22/2000,scrummay6@blogger.com,Ljukovo
Bennett d' Eye,Male,3/1/1978,bd7@istockphoto.com,Zengtian
Wernher Kasperski,Male,3/6/1959,wkasperski8@hugedomains.com,Nürnberg
Vasili St. Pierre,Male,4/29/1958,vst9@arstechnica.com,Staryy Krym
Thorn Maple,Male,10/9/1967,tmaplea@sitemeter.com,Manturovo
Myles Calleja,Male,7/14/1990,mcallejab@bbb.org,Bergen
Gale Murrigan,Female,1/25/1964,gmurriganc@toplist.cz,Marelesu
Dorothea Paxeford,Female,2/19/1993,dpaxefordd@deliciousdays.com,Ezhou
Talyah Willmetts,Female,12/20/1957,twillmettse@geocities.com,Bocos
Hart Buckel,Male,8/1/1969,hbuckelf@si.edu,Jugezhuang
Monroe Netherclift,Male,4/3/2004,mnethercliftg@pen.io,Pô
Constanta Rivlin,Female,1/2/1950,crivlinh@dropbox.com,Paatan
Aurelie Shilstone,Female,6/20/1993,ashilstonei@cisco.com,Honghe
Ianthe Galton,Female,7/28/1971,igaltonj@constantcontact.com,Trnava
Giffard Ivanets,Male,2/15/2004,givanetsk@globo.com,Zhifang
Xylina Geaveny,Female,5/29/1999,xgeavenyl@reddit.com,Bojonglarang
Laurens Calbaithe,Male,8/6/1973,lcalbaithem@hc360.com,Vatutino
Leslie Leeman,Male,6/1/1982,lleemann@gnu.org,Nove-Misto
Charlot Pavier,Female,7/22/1978,cpaviero@nsw.gov.au,Volokolamsk
Pepe Lundie,Male,5/26/2001,plundiep@economist.com,San Antonio
Nessy Yoxall,Female,9/11/1991,nyoxallq@qq.com,Chuantang
Kate Mc Ilory,Female,6/18/1975,kmcr@acquirethisname.com,Van Nuys
Dione Heinemann,Polygender,9/11/1986,dheinemanns@geocities.jp,Al Jubayhah
Britta Crimin,Female,1/20/1981,bcrimint@ca.gov,Banjar Anyar
Jacquelyn Shilvock,Female,2/19/1984,jshilvocku@sourceforge.net,Néa Péramos
Norean Grigaut,Female,3/2/1964,ngrigautv@archive.org,Log pri Brezovici
Moise Khrishtafovich,Male,8/13/2000,mkhrishtafovichw@java.com,Aguadulce
Horace Jedrys,Male,7/10/1988,hjedrysx@bluehost.com,Gongqiao
Axel Youdell,Male,6/12/2000,ayoudelly@skype.com,Kampungraja
Audi Livsey,Female,9/13/1989,alivseyz@buzzfeed.com,Nowa Ruda
Pembroke Doelle,Male,5/10/1954,pdoelle10@redcross.org,Oromocto
Ken Ploughwright,Genderfluid,12/12/1996,kploughwright11@un.org,Merida
Shane Power,Male,5/29/1961,spower12@unc.edu,Shaowu
Mickey Chasney,Male,2/10/1998,mchasney13@surveymonkey.com,Jianjun
Yelena Coburn,Female,10/29/1967,ycoburn14@prweb.com,Cimadang
Mikol Hollingby,Male,6/30/1969,mhollingby15@nasa.gov,Roshchino
Janek Gillespey,Male,1/2/1959,jgillespey16@uol.com.br,Shengli
Quinta Fiddler,Female,1/9/1973,qfiddler17@boston.com,Presnenskiy
Marylou Haire,Female,3/10/1966,mhaire18@a8.net,Martingança
Koralle Zuan,Female,11/21/1985,kzuan19@whitehouse.gov,Dabaozi
Raddie Robken,Non-binary,10/5/1975,rrobken1a@cnet.com,Lebane
Saraann Barles,Female,9/30/2000,sbarles1b@aboutads.info,Rychnov nad Kněžnou
Caro MacCaughey,Female,3/12/1981,cmaccaughey1c@zimbio.com,Wang Sai Phun
Edeline Crates,Female,4/11/1961,ecrates1d@a8.net,Xincun
Durante Earwaker,Male,8/2/1993,dearwaker1e@bandcamp.com,Mörrum
Doug Ault,Male,10/23/1963,dault1f@boston.com,Santa Lucia
Jenny Powley,Female,7/13/1960,jpowley1g@phoca.cz,Xirikxiy
Ninnette Rembrandt,Female,4/7/1971,nrembrandt1h@hostgator.com,Mabuhay
Windham Spinke,Male,5/21/1964,wspinke1i@vistaprint.com,Lourido
Elroy Kingcote,Non-binary,2/13/1994,ekingcote1j@bandcamp.com,Taoyuan
Zacharie Smooth,Male,2/23/1995,zsmooth1k@ucsd.edu,Lazi
Lyndsie Gammel,Polygender,5/18/1972,lgammel1l@harvard.edu,Yamango
Mame Caser,Female,7/13/2002,mcaser1m@paypal.com,Gununganyartambak Tengah
Letizia Gwinnett,Female,7/9/1974,lgwinnett1n@cdc.gov,Mulyosari
Ambrosius Janak,Male,8/8/1951,ajanak1o@bbc.co.uk,Kumlinge
Niven Gannicott,Male,4/17/1992,ngannicott1p@acquirethisname.com,Hidalgo
Joela Forber,Female,3/26/1970,jforber1q@webmd.com,Lanlongkou
Caressa Fumagalli,Female,5/14/1975,cfumagalli1r@admin.ch,Kota Kinabalu
Polly Immins,Female,3/28/1982,pimmins1s@pen.io,Sidi Qacem
Lynnell Skune,Female,7/7/1999,lskune1t@howstuffworks.com,Gaogongdao
Consuelo Maasz,Female,6/5/1972,cmaasz1u@ehow.com,Karanganyar
Lauree Bernath,Female,3/8/1997,lbernath1v@epa.gov,Tanlad
Vinnie Grigoryov,Male,6/7/1988,vgrigoryov1w@over-blog.com,Yingjiang
Chrissie Tuffs,Male,11/14/2004,ctuffs1x@liveinternet.ru,Khashuri
Jeramie Emlin,Polygender,4/2/1976,jemlin1y@skype.com,Grenoble
Grayce Rosengart,Female,10/29/1988,grosengart1z@techcrunch.com,Telukpakedai
Arleyne Goad,Female,5/20/1973,agoad20@github.com,Boketu
Sol Uzzell,Male,8/22/1989,suzzell21@yelp.com,Lyskovo
Averell Braybrook,Male,1/19/1980,abraybrook22@hud.gov,Magumeri
Petr Brissenden,Male,10/20/1958,pbrissenden23@twitter.com,Pajaten
Moise Docket,Male,10/3/1980,mdocket24@tiny.cc,Lyon
Conny Copins,Male,1/22/1967,ccopins25@ed.gov,San Juan
Harmonia Coldridge,Female,11/15/1992,hcoldridge26@mysql.com,Río Cauto
Kala Croom,Female,10/23/1979,kcroom27@indiegogo.com,Daciyao
Jemmy Fluin,Female,12/13/1976,jfluin28@wordpress.com,Staraya Stanitsa
Chrissy Clemendot,Male,3/17/1977,cclemendot29@oaic.gov.au,Kudang
Barn Wyld,Male,11/18/1961,bwyld2a@t-online.de,Dayuan
Eddy Poe,Female,2/6/1955,epoe2b@twitpic.com,Lökbatan
Dionisio Goodall,Male,2/12/1956,dgoodall2c@oakley.com,Salinópolis
Monti Humbee,Male,8/20/1980,mhumbee2d@disqus.com,Gushikawa
Sibella Hewins,Female,7/16/1962,shewins2e@stanford.edu,Јегуновце
Hardy Baude,Male,5/15/1979,hbaude2f@cloudflare.com,Churovichi
Gayleen Isaksson,Female,2/20/1983,gisaksson2g@live.com,Mauponggo
Linet Jaggli,Female,9/24/1992,ljaggli2h@seattletimes.com,Sokodé
Natala Saunier,Agender,6/30/1998,nsaunier2i@bravesites.com,Sikur
Bernard Rutt,Male,4/28/1975,brutt2j@salon.com,Lukou
Ricky Woodrooffe,Female,3/15/1972,rwoodrooffe2k@cbsnews.com,Batiano
Annecorinne Jeckells,Female,9/28/1958,ajeckells2l@symantec.com,Vukovar
Barnabas Lifsey,Male,10/10/1961,blifsey2m@com.com,Dole
Faber Jovic,Male,5/4/1954,fjovic2n@rediff.com,Seka
Adams Crannage,Male,5/16/1964,acrannage2o@eventbrite.com,Banjar Kajanan
Sharron Cage,Female,4/4/1967,scage2p@unc.edu,Wakkanai
Florence Hane,Female,12/20/1967,fhane2q@clickbank.net,Bimbo
Bree O'Dyvoy,Female,12/27/1998,bodyvoy2r@reuters.com,Iwaki
Marcy Conkling,Polygender,5/7/2003,mconkling2s@youtu.be,Privolzhsk
Trueman Worviell,Male,10/11/1972,tworviell2t@psu.edu,Kingston
Angie Alvarado,Male,5/30/1972,aalvarado2u@networksolutions.com,Daixi
Terencio Adhams,Male,10/30/1990,tadhams2v@google.es,Amassoma
Moishe Tommaseo,Male,6/7/1966,mtommaseo2w@usatoday.com,Loikaw
Maddy Hyett,Bigender,12/22/1962,mhyett2x@xrea.com,Tangdong
Trisha Gatrill,Female,10/4/1964,tgatrill2y@reverbnation.com,Daqiao
Kath Olyet,Female,7/19/2004,kolyet2z@merriam-webster.com,Pospelikha
Troy Pellissier,Male,11/9/1961,tpellissier30@vinaora.com,Ábrego
Kerrie Robinson,Agender,11/9/1980,krobinson31@engadget.com,Ebaye
Trueman Lepere,Male,2/29/1984,tlepere32@weebly.com,Yanzhao
Jecho Broadbent,Male,5/29/1985,jbroadbent33@timesonline.co.uk,Guanchao
Bond Putnam,Male,3/25/1954,bputnam34@google.nl,Dayuan
Marion Itzkowicz,Female,11/1/1992,mitzkowicz35@epa.gov,Ulimonong
Margarete McLachlan,Female,11/30/1977,mmclachlan36@mapy.cz,Ndano
Hedwiga Cronk,Female,2/25/1982,hcronk37@ifeng.com,Uyovu
Randal Laneham,Male,12/31/1979,rlaneham38@unesco.org,Sardoal
Giustino Piatek,Male,3/9/1980,gpiatek39@friendfeed.com,Vostochnoe Degunino
Howard Swanwick,Male,8/28/1964,hswanwick3a@meetup.com,Sanlanbahai
Jacynth Dinnage,Female,8/6/1997,jdinnage3b@umn.edu,Dvin
Orelle Tennet,Female,10/27/1961,otennet3c@aboutads.info,Indulang
Carlin Lapwood,Male,3/7/2004,clapwood3d@globo.com,Livádion
Stavro Stronge,Male,2/29/1988,sstronge3e@wikia.com,Matsubase
Shurwood Jendrys,Male,3/10/1962,sjendrys3f@deviantart.com,Pyrgetós
Marcellus Doe,Male,8/30/1961,mdoe3g@google.ca,Léo
Darrelle McCandie,Female,2/2/1950,dmccandie3h@ftc.gov,Krabi
Melany Prentice,Female,11/10/1982,mprentice3i@goo.gl,Boavista
Genevra Eustice,Agender,5/26/1976,geustice3j@eepurl.com,Al Miftāḩ
Wiley Shynn,Genderqueer,10/17/1999,wshynn3k@yahoo.com,Anyuan
Christian Meaddowcroft,Male,5/21/1993,cmeaddowcroft3l@umich.edu,Ādaži
Meggie Luckwell,Female,4/18/1966,mluckwell3m@t-online.de,Angochi
Verile De Cleen,Female,3/10/1982,vde3n@google.cn,Ullubiyaul
Bobbye Antonsen,Female,6/2/1997,bantonsen3o@phpbb.com,Ramana
Grady Phethean,Male,9/10/2001,gphethean3p@ebay.co.uk,Nizwá
Donelle Rasher,Female,1/19/1966,drasher3q@mozilla.org,Ngromo
Kissiah Stack,Female,2/11/1955,kstack3r@intel.com,Ashmūn
Darlleen Giacopetti,Female,4/15/1984,dgiacopetti3s@cnn.com,Akron
Chryste Shearsby,Female,8/10/1993,cshearsby3t@com.com,Dawan
Gusta Bixley,Agender,3/28/1997,gbixley3u@last.fm,Paranapanema
Barney Underwood,Male,3/19/1960,bunderwood3v@cbslocal.com,Ipaba
Minerva Kieran,Female,7/17/1987,mkieran3w@census.gov,Qaram Qōl
Ara Hazlehurst,Male,4/26/1971,ahazlehurst3x@cbsnews.com,El Quetzal
Gamaliel Feavers,Male,1/28/1958,gfeavers3y@furl.net,Ibiá
Lida Pedrol,Female,5/14/1951,lpedrol3z@photobucket.com,Changleng
Susanetta Sink,Female,3/21/1956,ssink40@joomla.org,Rāwandūz
Wally Danell,Female,3/12/2004,wdanell41@imdb.com,Al Muţayrifī
Solomon Veasey,Male,3/5/2000,sveasey42@usnews.com,Ubonratana
Kristien Kliement,Female,5/12/1969,kkliement43@studiopress.com,Huangwei
Demetre Drohane,Male,8/8/1993,ddrohane44@alexa.com,Qızılhacılı
Jewelle Taw,Female,4/29/1977,jtaw45@mac.com,Cà Mau
Kassie Spinige,Bigender,11/1/1974,kspinige46@squidoo.com,Tutem
Charmine Stribling,Female,12/12/1987,cstribling47@drupal.org,Pelaya
Charlie Davydzenko,Male,3/2/1956,cdavydzenko48@domainmarket.com,Baoshan
Roth Buckney,Male,8/26/1962,rbuckney49@aboutads.info,Sangalhos
Gerald Scurr,Male,6/13/1999,gscurr4a@com.com,San Borja
Gunter Asser,Non-binary,2/5/1998,gasser4b@harvard.edu,Chengjiao
Woody Wickwarth,Male,9/17/1987,wwickwarth4c@rambler.ru,Yeliguan
Roley Grundell,Male,7/10/2005,rgrundell4d@wiley.com,Lin’an
Flory Bread,Male,7/13/1999,fbread4e@topsy.com,Growong Kidul
Norris Lugard,Male,9/19/1979,nlugard4f@webs.com,Touama
Avery Hof,Genderqueer,11/9/1989,ahof4g@hao123.com,Zhenqiao
Andriette Ormesher,Female,5/27/1966,aormesher4h@vkontakte.ru,Stříbro
Annabell Halm,Female,8/28/1973,ahalm4i@squidoo.com,Nanping
Frederica Klaffs,Bigender,5/14/1952,fklaffs4j@hugedomains.com,Niedercorn
Mirabelle Varrow,Female,12/11/1965,mvarrow4k@cam.ac.uk,Manassas
Talbot Monni,Male,4/26/1972,tmonni4l@so-net.ne.jp,Suicheng
Erastus Baulcombe,Male,7/21/1950,ebaulcombe4m@java.com,Takari
Vladamir Ringsell,Male,5/8/1956,vringsell4n@dailymotion.com,Santa Cruz
Morgan Jorden,Female,5/23/1964,mjorden4o@npr.org,El Quebrachal
William Penson,Male,4/26/1951,wpenson4p@miitbeian.gov.cn,Cikulahan
Valery Rodgman,Female,10/2/1988,vrodgman4q@craigslist.org,Jinxiu
Brigit Labrone,Female,6/23/1983,blabrone4r@typepad.com,Orvault
Karim Smithin,Male,11/24/1957,ksmithin4s@examiner.com,Helmas
Angele Pollendine,Female,2/23/1989,apollendine4t@ezinearticles.com,Devnya
Bea Laetham,Female,5/29/1972,blaetham4u@twitter.com,Montilla
Hilario Tarpey,Male,6/22/1994,htarpey4v@freewebs.com,Uji
Curtis Benyon,Male,4/12/1990,cbenyon4w@canalblog.com,Dayang
Rich Milsap,Male,6/23/1998,rmilsap4x@wikimedia.org,Cran-Gevrier
Carie Stickley,Female,12/4/1991,cstickley4y@so-net.ne.jp,Kouvola
Rudolf Winger,Male,2/28/1961,rwinger4z@ucla.edu,Pánormos
Kati Rabier,Female,12/9/2003,krabier50@mayoclinic.com,Sipirok
Orren Argyle,Male,3/30/1981,oargyle51@blogtalkradio.com,Longbo
Ericka Setterfield,Female,7/15/1980,esetterfield52@e-recht24.de,Myeik
Hettie Franklen,Agender,2/18/2003,hfranklen53@com.com,Kallithéa
Willa Hanalan,Female,5/10/1981,whanalan54@myspace.com,Hexi
Isacco Fallis,Male,10/22/1990,ifallis55@parallels.com,San Felipe
Duky Gingedale,Male,7/24/1963,dgingedale56@wp.com,Lembursawah
Davon Pulham,Male,7/5/1958,dpulham57@time.com,Hefei
Durand Hadwen,Genderfluid,9/25/1999,dhadwen58@altervista.org,Huishi
Geri Leafe,Female,3/1/1987,gleafe59@tiny.cc,Joconal
Rosella Magrane,Female,2/6/1956,rmagrane5a@cdc.gov,Dziewin
Walliw Soal,Female,3/27/1994,wsoal5b@delicious.com,Pining
Chandler Adamo,Male,8/8/1964,cadamo5c@cdbaby.com,Huangzhai
Jenica Jackways,Female,2/18/2001,jjackways5d@hao123.com,Buyuan
Sarene Andre,Female,12/18/1965,sandre5e@thetimes.co.uk,Meia Via
Johnath Gleed,Female,8/29/1966,jgleed5f@fastcompany.com,Zhanqian
Merl Rude,Female,11/22/1971,mrude5g@cloudflare.com,Chartres
Evelina Zolini,Female,2/14/1968,ezolini5h@stanford.edu,Hobor
Ronnie Bavester,Female,9/23/1973,rbavester5i@histats.com,Khairiahmandah
Lacie O'Coskerry,Female,6/18/1952,locoskerry5j@miibeian.gov.cn,Stockholm
